grid_id,active_atelerix,invest_atelerix,active_martes,invest_martes,active_eliomys,invest_eliomys,active_oryctolagus,invest_oryctolagus,corridors
cell_0_28,0,0,0,0,0,0,0,0,
cell_0_29,1,0,0,0,0,0,0,0,
cell_0_30,0,0,0,0,0,0,0,0,
cell_0_31,0,0,0,0,0,0,0,0,
cell_0_32,0,0,0,0,0,0,0,0,
cell_1_28,0,0,0,0,0,0,0,0,
cell_1_29,0,0,0,0,0,0,0,0,
cell_1_30,0,0,0,0,0,0,0,0,
cell_1_31,0,0,0,0,0,0,0,0,
cell_1_32,0,0,0,0,0,0,0,0,
cell_1_33,0,0,0,0,0,0,0,0,
cell_1_34,0,0,0,0,0,0,0,0,
cell_2_28,0,0,0,0,0,0,0,0,
cell_2_29,0,0,0,0,0,0,0,0,
cell_2_30,0,0,0,0,0,0,0,0,
cell_2_31,0,0,0,0,0,0,0,0,
cell_2_32,0,0,0,0,0,0,0,0,
cell_2_33,0,0,0,0,0,0,0,0,
cell_2_34,0,0,0,0,0,0,0,0,
cell_3_17,0,0,0,0,0,0,0,0,
cell_3_18,0,0,0,0,0,0,0,0,
cell_3_19,0,0,0,0,0,0,0,0,
cell_3_20,0,0,0,0,0,0,0,0,
cell_3_21,0,0,0,0,0,0,0,0,
cell_3_22,0,0,0,0,0,0,0,0,
cell_3_27,0,0,0,0,0,0,0,0,
cell_3_28,0,0,0,0,0,0,0,0,
cell_3_29,0,0,0,0,0,0,0,0,
cell_3_30,0,0,0,0,0,0,0,0,
cell_3_31,0,0,0,0,0,0,0,0,
cell_3_32,0,0,0,0,0,0,0,0,
cell_3_33,0,0,0,0,0,0,0,0,
cell_3_34,0,0,0,0,0,0,0,0,
cell_3_35,0,0,0,0,0,0,0,0,
cell_3_36,0,0,0,0,0,0,0,0,
cell_4_17,0,0,0,0,0,0,0,0,
cell_4_18,0,0,0,0,0,0,0,0,
cell_4_19,0,0,0,0,1,0,0,0,cell_4_20
cell_4_20,1,1,0,0,0,0,0,0,cell_4_19
cell_4_21,0,0,0,0,0,0,0,0,
cell_4_22,0,0,0,0,0,0,0,0,
cell_4_23,0,0,0,0,0,0,0,0,
cell_4_24,0,0,0,0,0,0,0,0,
cell_4_25,0,0,0,0,0,0,0,0,
cell_4_26,0,0,0,0,0,0,0,0,
cell_4_27,0,0,0,0,0,0,0,0,
cell_4_28,0,0,0,0,0,0,0,0,
cell_4_29,0,0,0,0,0,0,0,0,
cell_4_30,0,0,0,0,0,0,0,0,
cell_4_31,0,0,0,0,0,0,0,0,
cell_4_32,0,0,0,0,0,0,0,0,
cell_4_33,0,0,0,0,0,0,0,0,
cell_4_34,0,0,0,0,0,0,0,0,
cell_4_35,0,0,0,0,0,0,0,0,
cell_4_36,0,0,0,0,0,0,0,0,
cell_5_17,0,0,0,0,0,0,0,0,
cell_5_18,0,0,0,0,0,0,0,0,
cell_5_19,0,0,0,0,0,0,0,0,
cell_5_20,0,0,0,0,0,0,0,0,
cell_5_21,0,0,0,0,0,0,0,0,
cell_5_22,0,0,0,0,0,0,0,0,
cell_5_23,0,0,0,0,1,0,0,0,"cell_6_23,cell_6_22"
cell_5_24,0,0,0,0,0,0,0,0,
cell_5_25,0,0,0,0,0,0,0,0,
cell_5_26,0,0,0,0,0,0,0,0,
cell_5_27,0,0,0,0,0,0,0,0,
cell_5_28,0,0,0,0,0,0,1,0,
cell_5_29,0,0,0,0,0,0,0,0,
cell_5_30,0,0,0,0,0,0,0,0,
cell_5_31,0,0,0,0,0,0,0,0,
cell_5_32,0,0,0,0,0,0,0,0,
cell_5_33,0,0,0,0,0,0,0,0,
cell_5_34,0,0,0,0,0,0,0,0,
cell_5_35,0,0,0,0,0,0,0,0,
cell_5_36,1,1,0,0,0,0,1,1,
cell_5_37,0,0,0,0,0,0,0,0,
cell_6_17,0,0,0,0,0,0,0,0,
cell_6_18,1,1,0,0,0,0,0,0,"cell_6_19,cell_7_18,cell_7_19"
cell_6_19,0,0,0,0,0,0,1,1,"cell_6_18,cell_7_19,cell_7_20,cell_7_18"
cell_6_20,0,0,0,0,0,0,0,0,
cell_6_21,0,0,0,0,0,0,0,0,
cell_6_22,1,1,0,0,0,0,0,0,"cell_6_23,cell_5_23,cell_7_23"
cell_6_23,0,0,0,0,0,0,1,1,"cell_6_22,cell_5_23,cell_7_23,cell_7_24"
cell_6_24,0,0,0,0,0,0,0,0,
cell_6_25,0,0,0,0,0,0,0,0,
cell_6_26,0,0,0,0,0,0,0,0,
cell_6_27,0,0,0,0,0,0,0,0,
cell_6_28,0,0,0,0,0,0,0,0,
cell_6_29,0,0,0,0,0,0,0,0,
cell_6_30,0,0,0,0,0,0,0,0,
cell_6_31,0,0,0,0,0,0,0,0,
cell_6_32,0,0,0,0,0,0,0,0,
cell_6_33,0,0,0,0,0,0,0,0,
cell_6_34,0,0,0,0,0,0,0,0,
cell_6_35,0,0,0,0,0,0,0,0,
cell_6_36,0,0,0,0,0,0,0,0,
cell_6_37,0,0,0,0,0,0,0,0,
cell_7_17,0,0,0,0,0,0,0,0,
cell_7_18,1,1,0,0,0,0,0,0,"cell_7_19,cell_6_18,cell_6_19,cell_8_19"
cell_7_19,0,0,0,0,0,0,1,1,"cell_7_20,cell_7_18,cell_6_19,cell_8_19,cell_8_20,cell_6_18"
cell_7_20,1,1,0,0,0,0,0,0,"cell_7_19,cell_8_20,cell_6_19,cell_8_19"
cell_7_21,0,0,0,0,0,0,0,0,
cell_7_22,0,0,0,0,0,0,0,0,
cell_7_23,1,1,0,0,0,0,0,0,"cell_7_24,cell_6_23,cell_6_22"
cell_7_24,1,1,0,0,0,0,0,0,"cell_7_23,cell_8_25,cell_6_23,cell_8_23"
cell_7_25,0,0,0,0,0,0,0,0,
cell_7_26,0,0,0,0,0,0,0,0,
cell_7_27,0,0,0,0,0,0,0,0,
cell_7_28,0,0,0,0,0,0,0,0,
cell_7_29,0,0,0,0,0,0,0,0,
cell_7_30,0,0,0,0,0,0,0,0,
cell_7_31,0,0,0,0,0,0,0,0,
cell_7_32,0,0,0,0,0,0,0,0,
cell_7_33,0,0,0,0,0,0,0,0,
cell_7_34,0,0,0,0,0,0,0,0,
cell_7_35,0,0,0,0,0,0,0,0,
cell_7_36,0,0,0,0,0,0,0,0,
cell_7_37,0,0,0,0,0,0,0,0,
cell_8_17,0,0,0,0,0,0,0,0,
cell_8_18,0,0,0,0,0,0,0,0,
cell_8_19,0,0,0,0,0,0,1,1,"cell_8_20,cell_7_19,cell_7_20,cell_9_20,cell_7_18"
cell_8_20,0,0,0,0,0,0,1,1,"cell_8_19,cell_7_20,cell_9_20,cell_9_21,cell_7_19"
cell_8_21,0,0,0,0,0,0,0,0,
cell_8_22,0,0,0,0,0,0,0,0,
cell_8_23,0,0,0,0,0,0,1,1,cell_7_24
cell_8_24,0,0,0,0,0,0,0,0,
cell_8_25,1,1,0,0,0,0,0,0,cell_7_24
cell_8_26,0,0,0,0,0,0,0,0,
cell_8_27,0,0,0,0,0,0,0,0,
cell_8_28,0,0,0,0,0,0,0,0,
cell_8_29,0,0,0,0,0,0,0,0,
cell_8_30,0,0,0,0,0,0,0,0,
cell_8_31,0,0,0,0,0,0,0,0,
cell_8_32,0,0,0,0,0,0,0,0,
cell_8_33,0,0,0,0,0,0,0,0,
cell_8_34,0,0,0,0,0,0,0,0,
cell_8_35,0,0,0,0,0,0,0,0,
cell_8_36,0,0,0,0,0,0,0,0,
cell_8_37,0,0,0,0,0,0,0,0,
cell_9_17,0,0,0,0,0,0,0,0,
cell_9_18,0,0,0,0,0,0,0,0,
cell_9_19,0,0,0,0,0,0,0,0,
cell_9_20,1,1,0,0,0,0,0,0,"cell_9_21,cell_8_20,cell_10_20,cell_8_19"
cell_9_21,0,0,0,0,0,0,1,1,"cell_9_20,cell_10_22,cell_8_20,cell_10_20"
cell_9_22,0,0,0,0,0,0,0,0,
cell_9_23,0,0,0,0,0,0,0,0,
cell_9_24,0,0,0,0,0,0,0,0,
cell_9_25,0,0,0,0,0,0,0,0,
cell_9_26,0,0,0,0,0,0,0,0,
cell_9_27,0,0,0,0,0,0,0,0,
cell_9_28,0,0,0,0,0,0,0,0,
cell_9_29,0,0,0,0,0,0,0,0,
cell_9_30,0,0,0,0,0,0,0,0,
cell_9_31,0,0,0,0,0,0,0,0,
cell_9_32,0,0,0,0,0,0,0,0,
cell_9_33,0,0,0,0,0,0,0,0,
cell_9_34,0,0,0,0,0,0,0,0,
cell_9_35,0,0,0,0,0,0,0,0,
cell_9_36,0,0,0,0,0,0,0,0,
cell_9_37,0,0,0,0,0,0,0,0,
cell_10_17,0,0,0,0,0,0,0,0,
cell_10_18,0,0,0,0,0,0,0,0,
cell_10_19,0,0,0,0,0,0,0,0,
cell_10_20,1,1,0,0,0,0,0,0,"cell_9_20,cell_11_20,cell_9_21,cell_11_21"
cell_10_21,0,0,0,0,0,0,0,0,
cell_10_22,0,0,0,0,0,0,1,1,"cell_11_22,cell_9_21,cell_11_21"
cell_10_23,0,0,0,0,0,0,0,0,
cell_10_24,1,0,1,0,1,0,1,0,
cell_10_25,0,0,0,0,0,0,0,0,
cell_10_26,0,0,0,0,0,0,0,0,
cell_10_27,0,0,0,0,0,0,0,0,
cell_10_28,0,0,0,0,0,0,0,0,
cell_10_29,0,0,0,0,0,0,0,0,
cell_10_30,0,0,0,0,0,0,0,0,
cell_10_31,0,0,0,0,0,0,0,0,
cell_10_32,0,0,0,0,0,0,0,0,
cell_10_33,0,0,0,0,0,0,0,0,
cell_10_34,0,0,0,0,0,0,0,0,
cell_10_35,0,0,0,0,0,0,0,0,
cell_10_36,0,0,0,0,0,0,0,0,
cell_10_37,0,0,0,0,0,0,0,0,
cell_11_17,0,0,0,0,0,0,0,0,
cell_11_18,0,0,0,0,0,0,0,0,
cell_11_19,0,0,0,0,0,0,0,0,
cell_11_20,0,0,0,0,1,1,0,0,"cell_11_21,cell_10_20"
cell_11_21,0,0,0,0,0,0,1,1,"cell_11_22,cell_11_20,cell_12_21,cell_10_22,cell_12_22,cell_10_20,cell_12_20"
cell_11_22,0,0,1,1,0,0,0,0,"cell_11_21,cell_10_22,cell_12_22,cell_12_21"
cell_11_23,0,0,0,0,0,0,0,0,
cell_11_24,0,0,0,0,0,0,0,0,
cell_11_25,0,0,0,0,0,0,0,0,
cell_11_26,0,0,0,0,0,0,0,0,
cell_11_27,0,0,0,0,0,0,0,0,
cell_11_28,0,0,0,0,0,0,0,0,
cell_11_29,0,0,0,0,0,0,0,0,
cell_11_30,0,0,0,0,0,0,0,0,
cell_11_31,0,0,0,0,0,0,0,0,
cell_11_32,0,0,0,0,0,0,0,0,
cell_11_33,0,0,0,0,0,0,0,0,
cell_11_34,0,0,0,0,0,0,0,0,
cell_11_35,0,0,0,0,0,0,0,0,
cell_11_36,0,0,0,0,0,0,0,0,
cell_11_37,0,0,0,0,0,0,0,0,
cell_12_17,0,0,0,0,0,0,0,0,
cell_12_18,0,0,0,0,0,0,0,0,
cell_12_19,0,0,0,0,0,0,0,0,
cell_12_20,1,1,0,0,0,0,0,0,"cell_13_20,cell_11_21,cell_13_21"
cell_12_21,0,0,1,1,0,0,0,0,"cell_11_21,cell_13_21,cell_11_22,cell_13_22,cell_13_20"
cell_12_22,1,1,0,0,0,0,0,0,"cell_11_22,cell_13_22,cell_13_23,cell_11_21,cell_13_21"
cell_12_23,0,0,0,0,0,0,0,0,
cell_12_24,0,0,0,0,0,0,0,0,
cell_12_25,0,0,0,0,0,0,0,0,
cell_12_26,0,0,0,0,0,0,0,0,
cell_12_27,0,0,0,0,0,0,0,0,
cell_12_28,0,0,0,0,0,0,0,0,
cell_12_29,0,0,0,0,0,0,0,0,
cell_12_30,0,0,0,0,0,0,0,0,
cell_12_31,0,0,0,0,0,0,0,0,
cell_12_32,0,0,0,0,0,0,0,0,
cell_12_33,0,0,0,0,0,0,0,0,
cell_12_34,0,0,0,0,0,0,0,0,
cell_12_35,0,0,0,0,0,0,0,0,
cell_12_36,0,0,0,0,0,0,0,0,
cell_12_37,0,0,0,0,0,0,0,0,
cell_12_38,0,0,0,0,0,0,0,0,
cell_13_17,0,0,0,0,0,0,0,0,
cell_13_18,0,0,0,0,0,0,0,0,
cell_13_19,0,0,0,0,0,0,0,0,
cell_13_20,0,0,1,1,0,0,0,0,"cell_13_21,cell_12_20,cell_14_20,cell_12_21"
cell_13_21,0,0,1,1,0,0,0,0,"cell_13_22,cell_13_20,cell_12_21,cell_12_22,cell_14_22,cell_12_20,cell_14_20"
cell_13_22,0,0,0,0,1,1,0,0,"cell_13_23,cell_13_21,cell_12_22,cell_14_22,cell_12_21"
cell_13_23,0,0,1,1,0,0,0,0,"cell_13_22,cell_12_22,cell_14_22"
cell_13_24,0,0,0,0,0,0,0,0,
cell_13_25,0,0,0,0,0,0,0,0,
cell_13_26,0,0,0,0,0,0,0,0,
cell_13_27,0,0,0,0,0,0,0,0,
cell_13_28,0,0,0,0,0,0,0,0,
cell_13_29,1,1,0,0,0,0,0,0,"cell_14_29,cell_14_30,cell_14_28"
cell_13_30,0,0,0,0,0,0,0,0,
cell_13_31,0,0,0,0,0,0,0,0,
cell_13_32,0,0,0,0,0,0,0,0,
cell_13_33,0,0,0,0,0,0,0,0,
cell_13_34,0,0,0,0,0,0,0,0,
cell_13_35,0,0,0,0,0,0,0,0,
cell_13_36,0,0,0,0,0,0,0,0,
cell_13_37,0,0,0,0,0,0,0,0,
cell_14_18,0,0,0,0,0,0,0,0,
cell_14_19,0,0,0,0,0,0,0,0,
cell_14_20,0,0,1,1,0,0,0,0,"cell_13_20,cell_13_21"
cell_14_21,0,0,0,0,0,0,0,0,
cell_14_22,0,0,0,0,1,1,0,0,"cell_13_22,cell_13_23,cell_13_21"
cell_14_23,0,0,0,0,0,0,0,0,
cell_14_24,0,0,0,0,0,0,0,0,
cell_14_25,0,0,0,0,0,0,0,0,
cell_14_26,0,0,0,0,0,0,0,0,
cell_14_27,1,1,0,0,0,0,0,0,"cell_14_28,cell_15_28"
cell_14_28,0,0,0,0,0,0,1,1,"cell_14_29,cell_14_27,cell_15_28,cell_13_29,cell_15_29,cell_15_27"
cell_14_29,0,0,0,0,0,0,1,1,"cell_14_30,cell_14_28,cell_13_29,cell_15_29,cell_15_30,cell_15_28"
cell_14_30,1,1,0,0,0,0,0,0,"cell_14_29,cell_15_30,cell_15_31,cell_13_29,cell_15_29"
cell_14_31,0,0,0,0,0,0,0,0,
cell_14_32,0,0,0,0,0,0,0,0,
cell_14_33,0,0,0,0,0,0,0,0,
cell_14_34,0,0,0,0,0,0,0,0,
cell_14_35,0,0,0,0,0,0,0,0,
cell_14_36,0,0,0,0,0,0,0,0,
cell_14_37,0,0,0,0,0,0,0,0,
cell_15_19,0,0,0,0,0,0,0,0,
cell_15_20,0,0,0,0,0,0,0,0,
cell_15_21,0,0,0,0,0,0,0,0,
cell_15_22,0,0,0,0,0,0,0,0,
cell_15_23,0,0,0,0,0,0,0,0,
cell_15_24,0,0,0,0,0,0,0,0,
cell_15_25,0,0,0,0,0,0,0,0,
cell_15_26,0,0,0,0,0,0,0,0,
cell_15_27,1,0,0,0,0,0,0,0,cell_14_28
cell_15_28,1,1,0,0,0,0,0,0,"cell_15_29,cell_14_28,cell_14_29,cell_16_29,cell_14_27"
cell_15_29,0,0,0,0,0,0,1,0,"cell_15_30,cell_15_28,cell_14_29,cell_16_29,cell_14_30,cell_14_28"
cell_15_30,0,0,0,0,0,0,1,1,"cell_15_31,cell_15_29,cell_14_30,cell_16_31,cell_14_29,cell_16_29"
cell_15_31,0,0,1,1,0,0,0,0,"cell_15_30,cell_16_31,cell_14_30"
cell_15_32,0,0,0,0,0,0,0,0,
cell_15_33,0,0,0,0,0,0,0,0,
cell_15_34,0,0,0,0,0,0,0,0,
cell_15_35,0,0,0,0,0,0,0,0,
cell_15_36,0,0,0,0,0,0,0,0,
cell_15_37,0,0,0,0,0,0,0,0,
cell_15_38,0,0,0,0,0,0,0,0,
cell_16_19,0,0,0,0,0,0,0,0,
cell_16_20,0,0,0,0,0,0,0,0,
cell_16_21,0,0,0,0,0,0,0,0,
cell_16_22,0,0,0,0,0,0,0,0,
cell_16_23,0,0,0,0,0,0,0,0,
cell_16_24,0,0,0,0,0,0,0,0,
cell_16_25,0,0,0,0,0,0,0,0,
cell_16_26,0,0,0,0,0,0,0,0,
cell_16_27,0,0,0,0,0,0,0,0,
cell_16_28,0,0,0,0,0,0,0,0,
cell_16_29,1,1,0,0,0,0,0,0,"cell_15_29,cell_15_30,cell_15_28"
cell_16_30,0,0,0,0,0,0,0,0,
cell_16_31,0,0,0,0,1,1,0,0,"cell_15_31,cell_17_31,cell_17_32,cell_15_30"
cell_16_32,0,0,0,0,0,0,0,0,
cell_16_33,0,0,0,0,0,0,0,0,
cell_16_34,0,0,0,0,0,0,0,0,
cell_16_35,0,0,0,0,0,0,0,0,
cell_16_36,0,0,0,0,0,0,0,0,
cell_16_37,0,0,0,0,0,0,0,0,
cell_16_38,0,0,0,0,0,0,0,0,
cell_17_19,0,0,0,0,0,0,0,0,
cell_17_20,1,0,1,0,0,0,0,0,cell_18_21
cell_17_21,0,0,0,0,0,0,0,0,
cell_17_22,0,0,0,0,0,0,0,0,
cell_17_23,0,0,0,0,0,0,0,0,
cell_17_24,0,0,0,0,0,0,0,0,
cell_17_25,0,0,0,0,0,0,0,0,
cell_17_26,0,0,0,0,0,0,0,0,
cell_17_27,0,0,0,0,0,0,0,0,
cell_17_28,0,0,0,0,0,0,0,0,
cell_17_29,0,0,0,0,0,0,0,0,
cell_17_30,0,0,0,0,0,0,0,0,
cell_17_31,0,0,0,0,0,0,1,1,"cell_17_32,cell_16_31,cell_18_32,cell_18_30"
cell_17_32,0,0,1,1,0,0,0,0,"cell_17_31,cell_18_32,cell_16_31"
cell_17_33,0,0,0,0,0,0,0,0,
cell_17_34,0,0,0,0,0,0,0,0,
cell_17_35,0,0,0,0,1,0,0,0,
cell_17_36,0,0,0,0,0,0,0,0,
cell_17_37,0,0,0,0,0,0,0,0,
cell_18_19,0,0,0,0,0,0,0,0,
cell_18_20,0,0,0,0,0,0,0,0,
cell_18_21,0,0,1,1,0,0,0,0,"cell_19_22,cell_17_20"
cell_18_22,0,0,0,0,0,0,0,0,
cell_18_23,0,0,0,0,0,0,0,0,
cell_18_24,0,0,0,0,0,0,0,0,
cell_18_25,0,0,0,0,0,0,0,0,
cell_18_26,0,0,0,0,0,0,1,1,"cell_19_26,cell_19_27"
cell_18_27,0,0,0,0,0,0,0,0,
cell_18_28,0,0,0,0,0,0,0,0,
cell_18_29,0,0,0,0,0,0,0,0,
cell_18_30,0,0,0,0,1,1,0,0,cell_17_31
cell_18_31,0,0,0,0,0,0,0,0,
cell_18_32,0,0,0,0,0,0,1,1,"cell_17_32,cell_17_31"
cell_18_33,0,0,0,0,0,0,0,0,
cell_18_34,0,0,0,0,0,0,0,0,
cell_18_35,0,0,0,0,0,0,0,0,
cell_18_36,0,0,0,0,0,0,0,0,
cell_18_37,0,0,0,0,0,0,0,0,
cell_18_38,0,0,0,0,0,0,0,0,
cell_19_19,0,0,0,0,0,0,0,0,
cell_19_20,0,0,0,0,0,0,0,0,
cell_19_21,0,0,0,0,0,0,0,0,
cell_19_22,1,1,0,0,0,0,0,0,cell_18_21
cell_19_23,0,0,0,0,0,0,0,0,
cell_19_24,0,0,0,0,0,0,0,0,
cell_19_25,0,0,0,0,0,0,0,0,
cell_19_26,0,0,0,0,0,0,1,1,"cell_19_27,cell_18_26,cell_20_27"
cell_19_27,0,0,1,1,0,0,0,0,"cell_19_28,cell_19_26,cell_20_27,cell_18_26,cell_20_26"
cell_19_28,0,0,1,1,0,0,0,0,"cell_19_27,cell_20_27"
cell_19_29,0,0,0,0,0,0,0,0,
cell_19_30,0,0,0,0,0,0,0,0,
cell_19_31,0,0,0,0,0,0,0,0,
cell_19_32,0,0,0,0,0,0,0,0,
cell_19_33,0,0,0,0,0,0,0,0,
cell_19_34,0,0,0,0,0,0,0,0,
cell_19_35,0,0,0,0,0,0,0,0,
cell_19_36,0,0,0,0,0,0,0,0,
cell_19_37,0,0,0,0,0,0,0,0,
cell_19_38,0,0,0,0,0,0,0,0,
cell_20_19,0,0,0,0,0,0,0,0,
cell_20_20,0,0,0,0,0,0,0,0,
cell_20_21,0,0,0,0,0,0,0,0,
cell_20_22,0,0,0,0,0,0,0,0,
cell_20_23,0,0,0,0,0,0,0,0,
cell_20_24,0,0,0,0,0,0,0,0,
cell_20_25,0,0,0,0,0,0,0,0,
cell_20_26,0,0,0,0,1,0,0,0,"cell_20_27,cell_19_27"
cell_20_27,0,0,0,0,1,1,0,0,"cell_20_26,cell_19_27,cell_21_27,cell_19_28,cell_19_26"
cell_20_28,0,0,0,0,0,0,0,0,
cell_20_29,0,0,0,0,0,0,0,0,
cell_20_30,0,0,0,0,0,0,0,0,
cell_20_31,0,0,0,0,0,0,0,0,
cell_20_32,0,0,0,0,0,0,0,0,
cell_20_33,0,0,0,0,0,0,0,0,
cell_20_34,0,0,0,0,0,0,0,0,
cell_20_35,0,0,0,0,0,0,0,0,
cell_20_36,0,0,0,0,0,0,0,0,
cell_20_37,0,0,0,0,0,0,0,0,
cell_21_18,0,0,0,0,0,0,0,0,
cell_21_19,0,0,0,0,0,0,0,0,
cell_21_20,0,0,0,0,0,0,0,0,
cell_21_21,0,0,0,0,0,0,0,0,
cell_21_22,0,0,0,0,0,0,0,0,
cell_21_23,0,0,0,0,0,0,0,0,
cell_21_24,0,0,0,0,0,0,0,0,
cell_21_25,0,0,0,0,0,0,0,0,
cell_21_26,0,0,0,0,0,0,0,0,
cell_21_27,1,1,0,0,0,0,0,0,"cell_20_27,cell_22_27,cell_22_26"
cell_21_28,0,0,0,0,0,0,0,0,
cell_21_29,0,0,0,0,0,0,0,0,
cell_21_30,0,0,0,0,0,0,0,0,
cell_21_31,0,0,0,0,0,0,0,0,
cell_21_32,0,0,0,0,0,0,0,0,
cell_21_33,0,0,0,0,0,0,0,0,
cell_21_34,0,0,0,0,0,0,0,0,
cell_21_35,0,0,0,0,0,0,0,0,
cell_21_36,0,0,0,0,0,0,0,0,
cell_21_37,0,0,0,0,0,0,0,0,
cell_22_18,0,0,0,0,0,0,0,0,
cell_22_19,0,0,0,0,0,0,0,0,
cell_22_20,0,0,0,0,0,0,0,0,
cell_22_21,0,0,0,0,0,0,0,0,
cell_22_22,0,0,0,0,0,0,0,0,
cell_22_23,1,0,0,0,0,0,0,0,
cell_22_24,0,0,0,0,0,0,0,0,
cell_22_25,0,0,0,0,0,0,0,0,
cell_22_26,1,1,0,0,0,0,0,0,"cell_22_27,cell_23_26,cell_21_27,cell_23_25"
cell_22_27,1,1,0,0,0,0,0,0,"cell_22_26,cell_21_27,cell_23_26"
cell_22_28,0,0,0,0,0,0,0,0,
cell_22_29,0,0,0,0,0,0,0,0,
cell_22_30,0,0,0,0,0,0,0,0,
cell_22_31,0,0,0,0,0,0,0,0,
cell_22_32,0,0,0,0,0,0,0,0,
cell_22_33,0,0,0,0,0,0,0,0,
cell_22_34,0,0,1,1,0,0,0,0,cell_23_35
cell_22_35,0,0,0,0,0,0,0,0,
cell_22_36,0,0,0,0,0,0,0,0,
cell_22_37,0,0,0,0,0,0,0,0,
cell_23_18,0,0,0,0,0,0,0,0,
cell_23_19,0,0,0,0,0,0,0,0,
cell_23_20,0,0,0,0,0,0,0,0,
cell_23_21,0,0,0,0,0,0,0,0,
cell_23_22,0,0,0,0,0,0,0,0,
cell_23_23,0,0,0,0,0,0,0,0,
cell_23_24,1,0,1,0,1,0,1,0,"cell_23_25,cell_24_25,cell_24_23"
cell_23_25,1,1,0,0,0,0,0,0,"cell_23_26,cell_23_24,cell_24_25,cell_22_26,cell_24_24"
cell_23_26,1,1,0,0,0,0,0,0,"cell_23_25,cell_22_26,cell_22_27,cell_24_25"
cell_23_27,0,0,0,0,0,0,0,0,
cell_23_28,0,0,0,0,0,0,0,0,
cell_23_29,0,0,0,0,0,0,0,0,
cell_23_30,0,0,0,0,0,0,0,0,
cell_23_31,0,0,0,0,0,0,0,0,
cell_23_32,1,1,0,0,0,0,0,0,"cell_23_33,cell_24_33,cell_24_31"
cell_23_33,0,0,0,0,1,0,0,0,"cell_23_32,cell_24_33"
cell_23_34,0,0,0,0,0,0,0,0,
cell_23_35,0,0,0,0,1,1,0,0,"cell_24_35,cell_24_36,cell_22_34,cell_24_34"
cell_23_36,0,0,0,0,0,0,0,0,
cell_23_37,0,0,0,0,0,0,0,0,
cell_23_38,0,0,0,0,0,0,0,0,
cell_24_17,0,0,0,0,0,0,0,0,
cell_24_18,0,0,0,0,0,0,0,0,
cell_24_19,0,0,0,0,0,0,0,0,
cell_24_20,0,0,0,0,0,0,0,0,
cell_24_21,0,0,0,0,0,0,0,0,
cell_24_22,0,0,0,0,0,0,0,0,
cell_24_23,1,1,0,0,0,0,0,0,"cell_24_24,cell_23_24,cell_25_22"
cell_24_24,0,0,1,1,0,0,0,0,"cell_24_25,cell_24_23,cell_23_25"
cell_24_25,0,0,1,1,0,0,0,0,"cell_24_24,cell_23_25,cell_23_26,cell_25_26,cell_23_24"
cell_24_26,0,0,0,0,0,0,0,0,
cell_24_27,0,0,0,0,0,0,0,0,
cell_24_28,0,0,0,0,0,0,0,0,
cell_24_29,0,0,0,0,0,0,1,1,"cell_24_30,cell_25_29,cell_25_30"
cell_24_30,1,1,0,0,0,0,0,0,"cell_24_31,cell_24_29,cell_25_30,cell_25_29"
cell_24_31,0,0,1,1,0,0,0,0,"cell_24_30,cell_23_32,cell_25_30"
cell_24_32,0,0,0,0,0,0,0,0,
cell_24_33,0,0,1,1,0,0,0,0,"cell_24_34,cell_23_33,cell_25_33,cell_23_32"
cell_24_34,0,0,0,0,1,1,0,0,"cell_24_35,cell_24_33,cell_23_35"
cell_24_35,0,0,1,1,0,0,0,0,"cell_24_36,cell_24_34,cell_23_35"
cell_24_36,0,0,0,0,1,1,0,0,"cell_24_35,cell_23_35"
cell_24_37,0,0,0,0,0,0,0,0,
cell_24_38,0,0,0,0,0,0,0,0,
cell_25_17,0,0,0,0,0,0,0,0,
cell_25_18,0,0,0,0,0,0,0,0,
cell_25_19,0,0,0,0,0,0,0,0,
cell_25_20,0,0,0,0,0,0,0,0,
cell_25_21,0,0,0,0,0,0,0,0,
cell_25_22,1,1,0,0,0,0,0,0,cell_24_23
cell_25_23,0,0,0,0,0,0,0,0,
cell_25_24,0,0,0,0,0,0,0,0,
cell_25_25,1,0,0,0,0,0,0,0,
cell_25_26,0,0,1,0,0,0,0,0,"cell_26_27,cell_24_25"
cell_25_27,0,0,0,0,0,0,0,0,
cell_25_28,0,0,0,0,0,0,0,0,
cell_25_29,0,0,1,1,0,0,0,0,"cell_25_30,cell_24_29,cell_26_29,cell_24_30,cell_26_30"
cell_25_30,0,0,1,1,0,0,0,0,"cell_25_29,cell_24_30,cell_26_30,cell_24_31,cell_26_31,cell_24_29,cell_26_29"
cell_25_31,0,0,0,0,0,0,0,0,
cell_25_32,0,0,0,0,0,0,0,0,
cell_25_33,0,0,0,0,0,0,1,1,cell_24_33
cell_25_34,0,0,0,0,0,0,0,0,
cell_25_35,0,0,0,0,0,0,0,0,
cell_25_36,0,0,0,0,0,0,0,0,
cell_25_37,0,0,0,0,0,0,0,0,
cell_25_38,0,0,0,0,0,0,0,0,
cell_26_17,0,0,0,0,0,0,0,0,
cell_26_18,0,0,0,0,0,0,0,0,
cell_26_19,0,0,0,0,0,0,0,0,
cell_26_20,0,0,0,0,0,0,0,0,
cell_26_21,0,0,0,0,0,0,0,0,
cell_26_22,0,0,0,0,0,0,0,0,
cell_26_23,0,0,0,0,0,0,0,0,
cell_26_24,0,0,0,0,0,0,0,0,
cell_26_25,0,0,0,0,0,0,0,0,
cell_26_26,0,0,0,0,0,0,0,0,
cell_26_27,0,0,0,0,0,0,1,1,cell_25_26
cell_26_28,0,0,0,0,0,0,0,0,
cell_26_29,0,0,0,0,1,1,0,0,"cell_26_30,cell_25_29,cell_25_30,cell_27_30"
cell_26_30,0,0,1,1,0,0,0,0,"cell_26_31,cell_26_29,cell_25_30,cell_27_30,cell_25_29"
cell_26_31,0,0,1,1,0,0,0,0,"cell_26_30,cell_27_32,cell_25_30,cell_27_30"
cell_26_32,0,0,0,0,0,0,0,0,
cell_26_33,0,0,0,0,0,0,0,0,
cell_26_34,0,0,0,0,0,0,0,0,
cell_26_35,0,0,0,0,0,0,0,0,
cell_26_36,0,0,0,0,0,0,0,0,
cell_26_37,0,0,0,0,0,0,0,0,
cell_26_38,0,0,0,0,0,0,0,0,
cell_26_39,0,0,0,0,0,0,0,0,
cell_27_16,0,0,0,0,0,0,0,0,
cell_27_17,0,0,0,0,0,0,0,0,
cell_27_18,0,0,0,0,0,0,0,0,
cell_27_19,0,0,0,0,0,0,0,0,
cell_27_20,0,0,0,0,0,0,0,0,
cell_27_21,0,0,0,0,0,0,0,0,
cell_27_22,0,0,0,0,0,0,0,0,
cell_27_23,0,0,0,0,0,0,0,0,
cell_27_24,0,0,0,0,0,0,0,0,
cell_27_25,0,0,0,0,0,0,0,0,
cell_27_26,0,0,0,0,0,0,0,0,
cell_27_27,0,0,0,0,0,0,0,0,
cell_27_28,0,0,0,0,0,0,0,0,
cell_27_29,0,0,0,0,0,0,0,0,
cell_27_30,0,0,0,0,1,0,0,0,"cell_26_30,cell_26_31,cell_28_31,cell_26_29"
cell_27_31,0,0,0,0,0,0,0,0,
cell_27_32,0,0,1,1,0,0,0,0,"cell_28_33,cell_26_31,cell_28_31"
cell_27_33,0,0,0,0,0,0,0,0,
cell_27_34,0,0,0,0,0,0,0,0,
cell_27_35,0,0,0,0,0,0,0,0,
cell_27_36,0,0,0,0,0,0,0,0,
cell_27_37,0,0,0,0,0,0,0,0,
cell_27_38,0,0,0,0,0,0,0,0,
cell_27_39,0,0,0,0,0,0,0,0,
cell_28_16,0,0,0,0,0,0,0,0,
cell_28_17,0,0,0,0,0,0,0,0,
cell_28_18,0,0,0,0,0,0,0,0,
cell_28_19,0,0,0,0,0,0,0,0,
cell_28_20,0,0,0,0,0,0,0,0,
cell_28_21,0,0,0,0,0,0,0,0,
cell_28_22,0,0,0,0,0,0,0,0,
cell_28_23,0,0,0,0,0,0,0,0,
cell_28_24,0,0,0,0,0,0,0,0,
cell_28_25,0,0,0,0,0,0,0,0,
cell_28_26,0,0,0,0,0,0,0,0,
cell_28_27,1,0,0,0,0,0,0,0,
cell_28_28,0,0,0,0,0,0,0,0,
cell_28_29,0,0,0,0,0,0,0,0,
cell_28_30,0,0,0,0,0,0,0,0,
cell_28_31,0,0,0,0,1,1,0,0,"cell_29_31,cell_27_32,cell_29_32,cell_27_30,cell_29_30"
cell_28_32,0,0,0,0,0,0,0,0,
cell_28_33,0,0,0,0,0,0,1,1,"cell_29_34,cell_27_32,cell_29_32"
cell_28_34,0,0,0,0,0,0,0,0,
cell_28_35,0,0,0,0,0,0,0,0,
cell_28_36,0,0,0,0,0,0,0,0,
cell_28_37,0,0,0,0,0,0,0,0,
cell_28_38,0,0,0,0,0,0,0,0,
cell_29_15,0,0,0,0,0,0,0,0,
cell_29_16,0,0,0,0,0,0,0,0,
cell_29_17,0,0,0,0,0,0,0,0,
cell_29_18,0,0,0,0,0,0,0,0,
cell_29_19,0,0,0,0,0,0,0,0,
cell_29_20,0,0,0,0,0,0,0,0,
cell_29_21,0,0,0,0,0,0,0,0,
cell_29_22,0,0,1,0,1,0,0,0,
cell_29_23,0,0,0,0,0,0,0,0,
cell_29_24,0,0,0,0,0,0,0,0,
cell_29_25,0,0,0,0,0,0,0,0,
cell_29_26,0,0,0,0,0,0,0,0,
cell_29_27,0,0,0,0,0,0,0,0,
cell_29_28,0,0,0,0,0,0,0,0,
cell_29_29,0,0,0,0,0,0,0,0,
cell_29_30,1,1,0,0,0,0,0,0,"cell_29_31,cell_28_31,cell_30_31,cell_30_29"
cell_29_31,0,0,0,0,1,1,0,0,"cell_29_32,cell_29_30,cell_28_31,cell_30_31"
cell_29_32,1,1,0,0,0,0,0,0,"cell_29_31,cell_28_33,cell_28_31,cell_30_31"
cell_29_33,0,0,0,0,0,0,0,0,
cell_29_34,0,0,0,0,0,0,1,1,"cell_29_35,cell_30_34,cell_30_35,cell_28_33"
cell_29_35,1,1,0,0,0,0,0,0,"cell_29_34,cell_30_35,cell_30_34"
cell_29_36,0,0,0,0,0,0,0,0,
cell_29_37,0,0,0,0,0,0,1,0,cell_30_37
cell_30_15,0,0,0,0,0,0,0,0,
cell_30_16,0,0,0,0,0,0,0,0,
cell_30_17,0,0,0,0,0,0,0,0,
cell_30_18,0,0,0,0,0,0,0,0,
cell_30_19,0,0,0,0,0,0,0,0,
cell_30_20,0,0,0,0,0,0,0,0,
cell_30_21,0,0,0,0,0,0,0,0,
cell_30_22,0,0,0,0,0,0,0,0,
cell_30_23,0,0,0,0,0,0,0,0,
cell_30_24,0,0,0,0,0,0,0,0,
cell_30_25,0,0,0,0,0,0,0,0,
cell_30_26,0,0,0,0,0,0,0,0,
cell_30_27,0,0,0,0,0,0,0,0,
cell_30_28,0,0,0,0,0,0,0,0,
cell_30_29,0,0,0,0,1,1,0,0,"cell_31_29,cell_29_30,cell_31_30,cell_31_28"
cell_30_30,0,0,0,0,0,0,0,0,
cell_30_31,0,0,1,1,0,0,0,0,"cell_29_31,cell_29_32,cell_29_30,cell_31_30"
cell_30_32,0,0,0,0,0,0,0,0,
cell_30_33,0,0,0,0,0,0,0,0,
cell_30_34,1,1,0,0,0,0,0,0,"cell_30_35,cell_29_34,cell_31_34,cell_29_35,cell_31_35"
cell_30_35,1,1,0,0,0,0,0,0,"cell_30_34,cell_29_35,cell_31_35,cell_31_36,cell_29_34,cell_31_34"
cell_30_36,0,0,0,0,0,0,0,0,
cell_30_37,0,0,0,0,1,1,0,0,"cell_29_37,cell_31_36"
cell_30_38,0,0,0,0,0,0,0,0,
cell_31_14,0,0,0,0,0,0,0,0,
cell_31_15,1,0,0,0,0,0,0,0,
cell_31_16,0,0,0,0,0,0,0,0,
cell_31_17,0,0,0,0,0,0,0,0,
cell_31_18,0,0,0,0,0,0,0,0,
cell_31_19,0,0,0,0,0,0,0,0,
cell_31_20,0,0,0,0,0,0,0,0,
cell_31_21,0,0,0,0,0,0,0,0,
cell_31_22,0,0,0,0,0,0,0,0,
cell_31_23,0,0,0,0,0,0,0,0,
cell_31_24,0,0,0,0,0,0,0,0,
cell_31_25,1,0,0,0,0,0,0,0,
cell_31_26,0,0,0,0,0,0,0,0,
cell_31_27,0,0,0,0,0,0,0,0,
cell_31_28,0,0,0,0,1,1,0,0,"cell_31_29,cell_32_28,cell_30_29"
cell_31_29,0,0,0,0,1,1,0,0,"cell_31_30,cell_31_28,cell_30_29,cell_32_28"
cell_31_30,0,0,0,0,1,1,0,0,"cell_31_29,cell_30_31,cell_30_29"
cell_31_31,0,0,0,0,0,0,0,0,
cell_31_32,0,0,0,0,0,0,0,0,
cell_31_33,0,0,0,0,0,0,0,0,
cell_31_34,1,1,0,0,0,0,0,0,"cell_31_35,cell_30_34,cell_30_35"
cell_31_35,0,0,0,0,0,0,1,1,"cell_31_36,cell_31_34,cell_30_35,cell_30_34,cell_32_34"
cell_31_36,1,1,0,0,0,0,0,0,"cell_31_37,cell_31_35,cell_30_37,cell_30_35"
cell_31_37,0,0,0,0,1,0,0,0,cell_31_36
cell_31_38,0,0,0,0,0,0,0,0,
cell_31_43,0,0,0,0,0,0,0,0,
cell_32_13,0,0,0,0,0,0,0,0,
cell_32_14,0,0,0,0,0,0,0,0,
cell_32_15,0,0,0,0,0,0,0,0,
cell_32_16,0,0,0,0,0,0,0,0,
cell_32_17,0,0,0,0,1,1,0,0,
cell_32_18,0,0,0,0,0,0,0,0,
cell_32_19,0,0,1,1,0,0,0,0,cell_33_19
cell_32_20,0,0,0,0,0,0,0,0,
cell_32_21,0,0,0,0,0,0,0,0,
cell_32_22,0,0,0,0,0,0,0,0,
cell_32_23,0,0,0,0,0,0,0,0,
cell_32_24,0,0,0,0,0,0,0,0,
cell_32_25,0,0,0,0,0,0,0,0,
cell_32_26,0,0,0,0,0,0,0,0,
cell_32_27,0,0,0,0,0,0,0,0,
cell_32_28,1,1,0,0,0,0,0,0,"cell_31_28,cell_31_29"
cell_32_29,0,0,0,0,0,0,0,0,
cell_32_30,0,0,0,0,0,0,0,0,
cell_32_31,0,0,0,0,0,0,0,0,
cell_32_32,0,0,0,0,0,0,0,0,
cell_32_33,0,0,0,0,0,0,0,0,
cell_32_34,0,0,0,0,1,0,0,0,cell_31_35
cell_32_35,0,0,0,0,0,0,0,0,
cell_32_36,0,0,0,0,0,0,0,0,
cell_32_37,0,0,0,0,0,0,0,0,
cell_32_38,0,0,0,0,0,0,0,0,
cell_32_39,0,0,0,0,0,0,0,0,
cell_32_42,0,0,0,0,0,0,0,0,
cell_32_43,0,0,0,0,0,0,0,0,
cell_33_12,0,0,0,0,0,0,0,0,
cell_33_13,0,0,0,0,0,0,0,0,
cell_33_14,0,0,0,0,0,0,0,0,
cell_33_15,0,0,0,0,0,0,0,0,
cell_33_16,0,0,0,0,0,0,0,0,
cell_33_17,0,0,0,0,0,0,0,0,
cell_33_18,0,0,0,0,0,0,0,0,
cell_33_19,0,0,0,0,1,1,0,0,"cell_32_19,cell_34_19,cell_34_20,cell_34_18"
cell_33_20,0,0,0,0,0,0,0,0,
cell_33_21,0,0,0,0,0,0,0,0,
cell_33_22,0,0,0,0,0,0,0,0,
cell_33_23,0,0,0,0,0,0,0,0,
cell_33_24,0,0,0,0,0,0,0,0,
cell_33_25,0,0,0,0,0,0,0,0,
cell_33_26,0,0,0,0,0,0,0,0,
cell_33_27,0,0,0,0,0,0,0,0,
cell_33_28,0,0,0,0,0,0,0,0,
cell_33_29,0,0,0,0,0,0,0,0,
cell_33_30,0,0,0,0,0,0,0,0,
cell_33_31,0,0,0,0,0,0,0,0,
cell_33_32,0,0,0,0,0,0,0,0,
cell_33_33,0,0,0,0,0,0,0,0,
cell_33_34,0,0,0,0,0,0,0,0,
cell_33_35,0,0,0,0,0,0,0,0,
cell_33_36,0,0,0,0,0,0,0,0,
cell_33_37,0,0,0,0,0,0,0,0,
cell_33_38,0,0,0,0,0,0,0,0,
cell_33_39,0,0,0,0,0,0,0,0,
cell_33_40,0,0,0,0,0,0,0,0,
cell_33_41,0,0,0,0,0,0,0,0,
cell_33_42,0,0,0,0,0,0,0,0,
cell_34_11,0,0,0,0,0,0,0,0,
cell_34_12,0,0,0,0,0,0,0,0,
cell_34_13,0,0,0,0,0,0,0,0,
cell_34_14,0,0,0,0,0,0,0,0,
cell_34_15,0,0,0,0,0,0,0,0,
cell_34_16,0,0,1,0,0,0,0,0,cell_35_17
cell_34_17,0,0,0,0,0,0,0,0,
cell_34_18,0,0,0,0,1,1,0,0,"cell_34_19,cell_35_18,cell_33_19,cell_35_19,cell_35_17"
cell_34_19,0,0,0,0,1,1,0,0,"cell_34_20,cell_34_18,cell_33_19,cell_35_19,cell_35_20,cell_35_18"
cell_34_20,0,0,0,0,0,0,1,1,"cell_34_19,cell_35_20,cell_35_21,cell_33_19,cell_35_19"
cell_34_21,0,0,0,0,0,0,0,0,
cell_34_22,0,0,0,0,0,0,0,0,
cell_34_23,0,0,0,0,0,0,0,0,
cell_34_24,0,0,0,0,0,0,0,0,
cell_34_25,0,0,0,0,0,0,0,0,
cell_34_26,1,0,0,0,0,0,0,0,cell_35_27
cell_34_27,0,0,0,0,0,0,0,0,
cell_34_28,0,0,0,0,0,0,1,1,cell_35_27
cell_34_29,0,0,0,0,0,0,0,0,
cell_34_30,0,0,0,0,0,0,0,0,
cell_34_31,0,0,0,0,0,0,0,0,
cell_34_32,0,0,0,0,0,0,0,0,
cell_34_33,1,0,0,0,0,0,0,0,cell_34_34
cell_34_34,0,0,0,0,0,0,1,0,cell_34_33
cell_34_35,0,0,0,0,0,0,0,0,
cell_34_36,0,0,0,0,0,0,0,0,
cell_34_37,0,0,0,0,0,0,0,0,
cell_34_38,0,0,0,0,0,0,0,0,
cell_34_39,0,0,0,0,0,0,0,0,
cell_34_40,0,0,0,0,0,0,0,0,
cell_34_41,0,0,0,0,0,0,0,0,
cell_34_42,1,0,0,0,0,0,0,0,
cell_35_11,0,0,0,0,0,0,0,0,
cell_35_12,0,0,0,0,0,0,0,0,
cell_35_13,0,0,0,0,0,0,0,0,
cell_35_14,0,0,0,0,0,0,0,0,
cell_35_15,0,0,0,0,0,0,0,0,
cell_35_16,0,0,0,0,0,0,0,0,
cell_35_17,1,1,0,0,0,0,0,0,"cell_35_18,cell_36_17,cell_34_18,cell_36_18,cell_34_16"
cell_35_18,0,0,0,0,1,1,0,0,"cell_35_19,cell_35_17,cell_34_18,cell_36_18,cell_34_19,cell_36_17"
cell_35_19,1,1,0,0,0,0,0,0,"cell_35_20,cell_35_18,cell_34_19,cell_34_20,cell_34_18,cell_36_18"
cell_35_20,0,0,0,0,0,0,1,1,"cell_35_21,cell_35_19,cell_34_20,cell_36_21,cell_34_19"
cell_35_21,1,1,0,0,0,0,0,0,"cell_35_22,cell_35_20,cell_36_21,cell_36_22,cell_34_20"
cell_35_22,0,0,1,1,0,0,0,0,"cell_35_21,cell_36_22,cell_36_23,cell_36_21"
cell_35_23,0,0,0,0,0,0,0,0,
cell_35_24,0,0,0,0,0,0,0,0,
cell_35_25,0,0,0,0,0,0,0,0,
cell_35_26,0,0,0,0,0,0,0,0,
cell_35_27,0,0,0,0,0,0,1,1,"cell_36_27,cell_34_28,cell_34_26"
cell_35_28,0,0,0,0,0,0,0,0,
cell_35_29,0,0,0,0,0,0,0,0,
cell_35_30,0,0,0,0,0,0,0,0,
cell_35_31,0,0,0,0,0,0,0,0,
cell_35_32,0,0,0,0,0,0,0,0,
cell_35_33,0,0,0,0,0,0,0,0,
cell_35_34,0,0,0,0,0,0,0,0,
cell_35_35,0,0,0,0,0,0,0,0,
cell_35_36,0,0,0,0,0,0,0,0,
cell_35_37,0,0,0,0,0,0,0,0,
cell_35_38,0,0,0,0,0,0,0,0,
cell_36_10,1,1,0,0,0,0,0,0,"cell_36_11,cell_37_10"
cell_36_11,1,0,0,0,1,0,1,0,"cell_36_10,cell_37_10"
cell_36_12,0,0,0,0,0,0,0,0,
cell_36_13,0,0,0,0,0,0,0,0,
cell_36_14,0,0,0,0,0,0,0,0,
cell_36_15,0,0,0,0,0,0,0,0,
cell_36_16,0,0,0,0,0,0,0,0,
cell_36_17,1,1,0,0,0,0,0,0,"cell_36_18,cell_35_17,cell_35_18"
cell_36_18,0,0,1,1,0,0,0,0,"cell_36_17,cell_35_18,cell_35_19,cell_35_17"
cell_36_19,0,0,0,0,0,0,0,0,
cell_36_20,0,0,0,0,0,0,0,0,
cell_36_21,0,0,0,0,0,0,1,1,"cell_36_22,cell_35_21,cell_35_22,cell_35_20"
cell_36_22,1,0,0,0,0,0,0,0,"cell_36_23,cell_36_21,cell_35_22,cell_35_21"
cell_36_23,0,0,1,1,0,0,0,0,"cell_36_22,cell_37_24,cell_35_22"
cell_36_24,0,0,0,0,0,0,0,0,
cell_36_25,1,0,1,0,1,0,1,0,cell_37_25
cell_36_26,0,0,0,0,0,0,0,0,
cell_36_27,0,0,1,1,0,0,0,0,cell_35_27
cell_36_28,0,0,0,0,0,0,0,0,
cell_36_29,0,0,0,0,0,0,0,0,
cell_36_30,0,0,0,0,0,0,0,0,
cell_36_31,0,0,0,0,0,0,0,0,
cell_36_32,0,0,0,0,0,0,0,0,
cell_36_33,0,0,0,0,0,0,0,0,
cell_36_34,0,0,0,0,0,0,0,0,
cell_36_35,0,0,0,0,0,0,0,0,
cell_36_36,0,0,0,0,0,0,0,0,
cell_36_37,0,0,0,0,0,0,0,0,
cell_37_10,0,0,0,0,1,1,0,0,"cell_36_10,cell_36_11"
cell_37_11,0,0,0,0,0,0,0,0,
cell_37_12,0,0,0,0,0,0,0,0,
cell_37_13,0,0,0,0,0,0,0,0,
cell_37_14,0,0,0,0,0,0,0,0,
cell_37_15,0,0,0,0,0,0,0,0,
cell_37_16,0,0,0,0,0,0,0,0,
cell_37_17,0,0,0,0,0,0,0,0,
cell_37_18,0,0,0,0,0,0,0,0,
cell_37_19,0,0,0,0,0,0,0,0,
cell_37_20,0,0,0,0,0,0,0,0,
cell_37_21,0,0,0,0,0,0,0,0,
cell_37_22,0,0,0,0,0,0,0,0,
cell_37_23,0,0,0,0,0,0,0,0,
cell_37_24,1,1,0,0,0,0,0,0,"cell_37_25,cell_38_25,cell_36_23"
cell_37_25,1,1,0,0,0,0,0,0,"cell_37_24,cell_36_25,cell_38_25,cell_38_26"
cell_37_26,0,0,0,0,0,0,0,0,
cell_37_27,0,0,0,0,0,0,0,0,
cell_37_28,0,0,0,0,0,0,0,0,
cell_37_29,0,0,1,1,0,0,0,0,"cell_38_29,cell_38_30,cell_38_28"
cell_37_30,0,0,0,0,0,0,0,0,
cell_37_31,0,0,0,0,0,0,0,0,
cell_37_32,1,0,1,0,0,0,0,0,"cell_38_32,cell_38_33,cell_38_31"
cell_37_33,0,0,0,0,0,0,0,0,
cell_37_34,0,0,0,0,0,0,0,0,
cell_37_35,0,0,0,0,0,0,0,0,
cell_37_36,0,0,0,0,1,0,0,0,
cell_37_37,0,0,0,0,0,0,0,0,
cell_37_38,0,0,0,0,0,0,0,0,
cell_38_9,0,0,0,0,0,0,0,0,
cell_38_10,0,0,0,0,0,0,0,0,
cell_38_11,0,0,0,0,0,0,0,0,
cell_38_12,0,0,0,0,0,0,0,0,
cell_38_13,0,0,0,0,0,0,0,0,
cell_38_14,0,0,0,0,0,0,0,0,
cell_38_15,0,0,0,0,0,0,0,0,
cell_38_16,0,0,0,0,0,0,0,0,
cell_38_17,0,0,0,0,0,0,0,0,
cell_38_18,0,0,0,0,0,0,0,0,
cell_38_19,0,0,0,0,0,0,0,0,
cell_38_20,0,0,0,0,0,0,1,1,cell_39_21
cell_38_21,0,0,0,0,0,0,0,0,
cell_38_22,0,0,1,1,0,0,0,0,"cell_39_22,cell_39_21"
cell_38_23,0,0,0,0,0,0,0,0,
cell_38_24,0,0,0,0,0,0,0,0,
cell_38_25,1,1,0,0,0,0,0,0,"cell_38_26,cell_37_25,cell_39_25,cell_39_26,cell_37_24"
cell_38_26,0,0,1,1,0,0,0,0,"cell_38_27,cell_38_25,cell_39_26,cell_37_25,cell_39_25"
cell_38_27,0,0,1,1,0,0,0,0,"cell_38_28,cell_38_26,cell_39_28,cell_39_26"
cell_38_28,0,0,0,0,1,1,0,0,"cell_38_29,cell_38_27,cell_39_28,cell_37_29"
cell_38_29,0,0,1,1,0,0,0,0,"cell_38_30,cell_38_28,cell_37_29,cell_39_28"
cell_38_30,0,0,0,0,0,0,1,1,"cell_38_31,cell_38_29,cell_39_31,cell_37_29"
cell_38_31,1,1,0,0,0,0,0,0,"cell_38_32,cell_38_30,cell_39_31,cell_37_32,cell_39_32"
cell_38_32,1,1,0,0,0,0,0,0,"cell_38_33,cell_38_31,cell_37_32,cell_39_32,cell_39_33"
cell_38_33,0,0,1,1,0,0,0,0,"cell_38_32,cell_39_33,cell_37_32,cell_39_32"
cell_38_34,0,0,0,0,0,0,0,0,
cell_38_35,0,0,0,0,0,0,0,0,
cell_38_36,0,0,0,0,0,0,0,0,
cell_38_37,0,0,0,0,0,0,0,0,
cell_38_38,0,0,0,0,0,0,0,0,
cell_38_39,0,0,0,0,0,0,0,0,
cell_39_9,0,0,0,0,0,0,0,0,
cell_39_10,0,0,0,0,0,0,0,0,
cell_39_11,0,0,0,0,0,0,0,0,
cell_39_12,0,0,0,0,0,0,0,0,
cell_39_13,0,0,0,0,0,0,0,0,
cell_39_14,0,0,0,0,0,0,0,0,
cell_39_15,0,0,0,0,0,0,0,0,
cell_39_16,0,0,0,0,0,0,0,0,
cell_39_17,0,0,0,0,0,0,0,0,
cell_39_18,0,0,0,0,0,0,0,0,
cell_39_19,0,0,0,0,0,0,0,0,
cell_39_20,1,1,0,0,0,0,0,0,"cell_39_21,cell_40_20,cell_40_21,cell_40_19"
cell_39_21,1,1,0,0,0,0,0,0,"cell_39_22,cell_39_20,cell_40_21,cell_38_22,cell_40_22,cell_38_20,cell_40_20"
cell_39_22,0,0,0,0,0,0,1,1,"cell_39_21,cell_38_22,cell_40_22"
cell_39_23,0,0,0,0,0,0,0,0,
cell_39_24,0,0,0,0,0,0,0,0,
cell_39_25,0,0,1,1,0,0,0,0,"cell_39_26,cell_38_25,cell_38_26,cell_40_26"
cell_39_26,0,0,0,0,1,1,0,0,"cell_39_25,cell_38_26,cell_40_26,cell_38_27,cell_38_25"
cell_39_27,0,0,0,0,0,0,0,0,
cell_39_28,0,0,1,1,0,0,0,0,"cell_38_28,cell_38_29,cell_38_27"
cell_39_29,0,0,0,0,0,0,0,0,
cell_39_30,0,0,0,0,0,0,0,0,
cell_39_31,1,1,0,0,0,0,0,0,"cell_39_32,cell_38_31,cell_38_30"
cell_39_32,0,0,1,1,0,0,0,0,"cell_39_33,cell_39_31,cell_38_32,cell_38_33,cell_38_31"
cell_39_33,0,0,1,1,0,0,0,0,"cell_39_32,cell_38_33,cell_38_32"
cell_39_34,0,0,0,0,0,0,0,0,
cell_39_35,0,0,0,0,0,0,0,0,
cell_39_36,0,0,0,0,0,0,1,0,
cell_39_37,0,0,0,0,0,0,0,0,
cell_39_38,0,0,0,0,0,0,0,0,
cell_39_39,0,0,0,0,0,0,0,0,
cell_40_8,0,0,0,0,0,0,0,0,
cell_40_9,0,0,0,0,0,0,0,0,
cell_40_10,0,0,0,0,0,0,0,0,
cell_40_11,0,0,0,0,0,0,0,0,
cell_40_12,0,0,0,0,0,0,0,0,
cell_40_13,0,0,0,0,0,0,0,0,
cell_40_14,0,0,0,0,0,0,0,0,
cell_40_15,0,0,0,0,0,0,0,0,
cell_40_16,0,0,0,0,0,0,0,0,
cell_40_17,0,0,0,0,0,0,0,0,
cell_40_18,0,0,0,0,0,0,1,0,cell_40_19
cell_40_19,1,1,0,0,0,0,0,0,"cell_40_20,cell_40_18,cell_39_20,cell_41_20"
cell_40_20,1,1,0,0,0,0,0,0,"cell_40_21,cell_40_19,cell_39_20,cell_41_20,cell_39_21,cell_41_21"
cell_40_21,0,0,1,1,0,0,0,0,"cell_40_22,cell_40_20,cell_39_21,cell_41_21,cell_41_22,cell_39_20,cell_41_20"
cell_40_22,0,0,1,1,0,0,0,0,"cell_40_21,cell_39_22,cell_41_22,cell_39_21,cell_41_21"
cell_40_23,0,0,0,0,0,0,0,0,
cell_40_24,0,0,0,0,0,0,0,0,
cell_40_25,0,0,0,0,0,0,0,0,
cell_40_26,0,0,1,1,0,0,0,0,"cell_39_26,cell_41_26,cell_41_27,cell_39_25"
cell_40_27,0,0,0,0,0,0,0,0,
cell_40_28,0,0,0,0,0,0,0,0,
cell_40_29,0,0,0,0,0,0,0,0,
cell_40_30,0,0,0,0,0,0,0,0,
cell_40_31,0,0,0,0,0,0,0,0,
cell_40_32,0,0,0,0,0,0,0,0,
cell_40_33,0,0,0,0,0,0,0,0,
cell_40_34,0,0,0,0,0,0,0,0,
cell_40_35,0,0,0,0,0,0,0,0,
cell_40_36,0,0,0,0,0,0,0,0,
cell_40_37,0,0,0,0,0,0,0,0,
cell_40_38,0,0,0,0,0,0,0,0,
cell_40_39,0,0,0,0,0,0,0,0,
cell_41_8,0,0,0,0,0,0,0,0,
cell_41_9,0,0,0,0,0,0,0,0,
cell_41_10,0,0,0,0,1,0,0,0,
cell_41_11,0,0,0,0,0,0,0,0,
cell_41_12,0,0,0,0,0,0,0,0,
cell_41_13,0,0,0,0,0,0,0,0,
cell_41_14,0,0,0,0,0,0,0,0,
cell_41_15,0,0,0,0,0,0,0,0,
cell_41_16,0,0,0,0,0,0,0,0,
cell_41_17,0,0,0,0,0,0,0,0,
cell_41_18,0,0,0,0,0,0,0,0,
cell_41_19,0,0,0,0,0,0,0,0,
cell_41_20,1,1,0,0,0,0,0,0,"cell_41_21,cell_40_20,cell_42_20,cell_40_21,cell_40_19,cell_42_19"
cell_41_21,0,0,0,0,0,0,1,1,"cell_41_22,cell_41_20,cell_40_21,cell_40_22,cell_40_20,cell_42_20"
cell_41_22,0,0,1,1,0,0,0,0,"cell_41_21,cell_40_22,cell_40_21"
cell_41_23,0,0,0,0,0,0,0,0,
cell_41_24,0,0,0,0,0,0,0,0,
cell_41_25,0,0,0,0,0,0,0,0,
cell_41_26,0,0,0,0,1,1,0,0,"cell_41_27,cell_40_26,cell_42_27"
cell_41_27,1,1,0,0,0,0,0,0,"cell_41_26,cell_42_27,cell_40_26"
cell_41_28,0,0,0,0,0,0,0,0,
cell_41_29,0,0,0,0,0,0,0,0,
cell_41_30,0,0,0,0,0,0,0,0,
cell_41_31,0,0,0,0,0,0,0,0,
cell_41_32,0,0,0,0,0,0,0,0,
cell_41_33,0,0,0,0,0,0,0,0,
cell_41_34,0,0,0,0,0,0,0,0,
cell_41_35,0,0,0,0,0,0,0,0,
cell_41_36,0,0,0,0,0,0,0,0,
cell_41_37,0,0,0,0,0,0,0,0,
cell_41_38,0,0,0,0,0,0,0,0,
cell_41_39,0,0,0,0,0,0,0,0,
cell_42_7,0,0,0,0,0,0,0,0,
cell_42_8,0,0,0,0,0,0,0,0,
cell_42_9,0,0,0,0,0,0,0,0,
cell_42_10,0,0,0,0,0,0,0,0,
cell_42_11,0,0,0,0,0,0,0,0,
cell_42_12,0,0,0,0,0,0,0,0,
cell_42_13,1,1,0,0,0,0,0,0,"cell_42_14,cell_43_13,cell_43_14"
cell_42_14,0,0,1,1,0,0,0,0,"cell_42_15,cell_42_13,cell_43_14,cell_43_15,cell_43_13"
cell_42_15,0,0,0,0,0,0,1,1,"cell_42_14,cell_43_15,cell_43_16,cell_43_14"
cell_42_16,0,0,0,0,0,0,0,0,
cell_42_17,0,0,0,0,0,0,0,0,
cell_42_18,1,1,0,0,0,0,0,0,"cell_42_19,cell_43_18,cell_43_17"
cell_42_19,1,1,0,0,0,0,0,0,"cell_42_20,cell_42_18,cell_41_20,cell_43_18"
cell_42_20,1,1,0,0,0,0,0,0,"cell_42_19,cell_41_20,cell_41_21"
cell_42_21,0,0,0,0,0,0,0,0,
cell_42_22,0,0,0,0,0,0,0,0,
cell_42_23,0,0,0,0,0,0,0,0,
cell_42_24,0,0,0,0,0,0,0,0,
cell_42_25,0,0,0,0,0,0,0,0,
cell_42_26,0,0,0,0,0,0,0,0,
cell_42_27,0,0,0,0,1,1,0,0,"cell_41_27,cell_41_26"
cell_42_28,0,0,0,0,0,0,0,0,
cell_42_29,0,0,0,0,0,0,0,0,
cell_42_30,0,0,0,0,0,0,0,0,
cell_42_31,0,0,0,0,0,0,0,0,
cell_42_32,0,0,0,0,0,0,0,0,
cell_42_33,0,0,0,0,0,0,0,0,
cell_42_34,0,0,0,0,0,0,1,0,
cell_42_35,0,0,0,0,0,0,0,0,
cell_42_36,0,0,0,0,0,0,0,0,
cell_42_37,0,0,0,0,0,0,0,0,
cell_42_38,0,0,0,0,0,0,0,0,
cell_43_6,0,0,0,0,0,0,0,0,
cell_43_7,0,0,0,0,0,0,0,0,
cell_43_8,0,0,0,0,0,0,0,0,
cell_43_9,0,0,0,0,0,0,0,0,
cell_43_10,0,0,0,0,0,0,0,0,
cell_43_11,0,0,0,0,0,0,0,0,
cell_43_12,0,0,0,0,0,0,0,0,
cell_43_13,0,0,1,1,0,0,0,0,"cell_43_14,cell_42_13,cell_42_14,cell_44_14,cell_44_12"
cell_43_14,1,1,0,0,0,0,0,0,"cell_43_15,cell_43_13,cell_42_14,cell_44_14,cell_42_15,cell_44_15,cell_42_13"
cell_43_15,1,1,0,0,0,0,0,0,"cell_43_16,cell_43_14,cell_42_15,cell_44_16,cell_42_14,cell_44_14"
cell_43_16,1,1,0,0,0,0,0,0,"cell_43_17,cell_43_15,cell_44_16,cell_44_17,cell_42_15,cell_44_15"
cell_43_17,1,1,0,0,0,0,0,0,"cell_43_18,cell_43_16,cell_44_17,cell_42_18,cell_44_18,cell_44_16"
cell_43_18,1,1,0,0,0,0,0,0,"cell_43_17,cell_42_18,cell_44_18,cell_42_19,cell_44_17"
cell_43_19,0,0,0,0,0,0,0,0,
cell_43_20,0,0,0,0,0,0,0,0,
cell_43_21,0,0,0,0,0,0,0,0,
cell_43_22,0,0,0,0,0,0,0,0,
cell_43_23,0,0,0,0,0,0,0,0,
cell_43_24,0,0,0,0,0,0,0,0,
cell_43_25,0,0,0,0,0,0,0,0,
cell_43_26,0,0,0,0,0,0,0,0,
cell_43_27,0,0,0,0,0,0,0,0,
cell_43_28,0,0,0,0,0,0,0,0,
cell_43_29,0,0,0,0,0,0,0,0,
cell_43_30,0,0,0,0,0,0,0,0,
cell_43_31,0,0,0,0,0,0,0,0,
cell_43_32,0,0,0,0,0,0,0,0,
cell_43_33,0,0,0,0,0,0,0,0,
cell_43_34,0,0,0,0,0,0,0,0,
cell_43_38,0,0,0,0,0,0,0,0,
cell_44_5,0,0,0,0,0,0,0,0,
cell_44_6,0,0,0,0,0,0,0,0,
cell_44_7,0,0,0,0,0,0,0,0,
cell_44_8,0,0,0,0,0,0,0,0,
cell_44_9,0,0,0,0,0,0,0,0,
cell_44_10,0,0,0,0,0,0,0,0,
cell_44_11,0,0,0,0,0,0,1,1,"cell_44_12,cell_45_12,cell_45_10"
cell_44_12,0,0,0,0,0,0,1,1,"cell_44_11,cell_45_12,cell_43_13,cell_45_13"
cell_44_13,0,0,0,0,0,0,0,0,
cell_44_14,0,0,1,1,0,0,0,0,"cell_44_15,cell_43_14,cell_43_15,cell_45_15,cell_43_13,cell_45_13"
cell_44_15,0,0,0,0,0,0,1,1,"cell_44_16,cell_44_14,cell_45_15,cell_43_16,cell_45_16,cell_43_14"
cell_44_16,0,0,0,0,0,0,1,1,"cell_44_17,cell_44_15,cell_43_16,cell_45_16,cell_43_17,cell_43_15,cell_45_15"
cell_44_17,0,0,0,0,0,0,1,1,"cell_44_18,cell_44_16,cell_43_17,cell_43_18,cell_43_16,cell_45_16"
cell_44_18,0,0,0,0,0,0,1,1,"cell_44_17,cell_43_18,cell_43_17"
cell_44_19,0,0,0,0,0,0,0,0,
cell_44_20,0,0,0,0,0,0,0,0,
cell_44_21,0,0,0,0,0,0,0,0,
cell_44_22,0,0,0,0,0,0,0,0,
cell_44_23,0,0,0,0,0,0,0,0,
cell_44_24,0,0,0,0,0,0,0,0,
cell_44_25,0,0,0,0,0,0,0,0,
cell_44_26,0,0,0,0,0,0,0,0,
cell_44_27,0,0,0,0,0,0,0,0,
cell_44_28,0,0,0,0,0,0,0,0,
cell_44_29,0,0,0,0,0,0,0,0,
cell_44_30,0,0,0,0,0,0,0,0,
cell_44_31,0,0,0,0,0,0,0,0,
cell_44_32,0,0,0,0,0,0,0,0,
cell_44_33,0,0,0,0,0,0,0,0,
cell_44_34,0,0,0,0,0,0,0,0,
cell_45_5,0,0,0,0,0,0,0,0,
cell_45_6,0,0,0,0,0,0,0,0,
cell_45_7,0,0,0,0,0,0,0,0,
cell_45_8,0,0,0,0,0,0,0,0,
cell_45_9,0,0,0,0,1,1,0,0,cell_45_10
cell_45_10,1,0,0,0,0,0,0,0,"cell_45_9,cell_44_11,cell_46_9"
cell_45_11,0,0,0,0,0,0,0,0,
cell_45_12,0,0,0,0,0,0,1,1,"cell_45_13,cell_44_12,cell_46_13,cell_44_11"
cell_45_13,1,1,0,0,0,0,0,0,"cell_45_12,cell_46_13,cell_44_14,cell_46_14,cell_44_12"
cell_45_14,0,0,0,0,0,0,0,0,
cell_45_15,1,1,0,0,0,0,0,0,"cell_45_16,cell_44_15,cell_44_16,cell_46_16,cell_44_14,cell_46_14"
cell_45_16,0,0,1,1,0,0,0,0,"cell_45_15,cell_44_16,cell_46_16,cell_44_17,cell_44_15"
cell_45_17,0,0,0,0,0,0,0,0,
cell_45_18,0,0,0,0,0,0,0,0,
cell_45_19,0,0,0,0,0,0,0,0,
cell_45_20,0,0,0,0,0,0,0,0,
cell_45_21,0,0,0,0,0,0,0,0,
cell_45_22,0,0,0,0,0,0,0,0,
cell_45_23,0,0,0,0,0,0,0,0,
cell_45_24,0,0,0,0,0,0,0,0,
cell_45_25,0,0,0,0,0,0,0,0,
cell_45_26,0,0,0,0,0,0,0,0,
cell_45_27,0,0,0,0,0,0,0,0,
cell_45_28,0,0,0,0,0,0,0,0,
cell_45_29,0,0,0,0,0,0,0,0,
cell_45_30,0,0,0,0,0,0,0,0,
cell_45_31,0,0,0,0,0,0,0,0,
cell_45_32,0,0,0,0,0,0,0,0,
cell_45_33,0,0,0,0,0,0,0,0,
cell_45_34,0,0,0,0,0,0,0,0,
cell_46_4,0,0,0,0,0,0,0,0,
cell_46_5,0,0,0,0,0,0,0,0,
cell_46_6,0,0,0,0,0,0,0,0,
cell_46_7,0,0,0,0,0,0,0,0,
cell_46_8,0,0,0,0,0,0,0,0,
cell_46_9,1,1,0,0,0,0,0,0,cell_45_10
cell_46_10,0,0,0,0,0,0,0,0,
cell_46_11,0,0,0,0,0,0,0,0,
cell_46_12,0,0,0,0,0,0,0,0,
cell_46_13,0,0,0,0,0,0,1,1,"cell_46_14,cell_45_13,cell_47_13,cell_47_14,cell_45_12"
cell_46_14,1,1,0,0,0,0,0,0,"cell_46_13,cell_47_14,cell_45_15,cell_45_13,cell_47_13"
cell_46_15,0,0,0,0,0,0,0,0,
cell_46_16,0,0,0,0,1,1,0,0,"cell_45_16,cell_45_15"
cell_46_17,0,0,0,0,0,0,0,0,
cell_46_18,0,0,0,0,0,0,0,0,
cell_46_19,0,0,0,0,0,0,0,0,
cell_46_20,0,0,0,0,0,0,0,0,
cell_46_21,0,0,0,0,0,0,0,0,
cell_46_22,0,0,0,0,0,0,0,0,
cell_46_23,0,0,0,0,0,0,0,0,
cell_46_24,0,0,0,0,0,0,0,0,
cell_46_25,0,0,0,0,0,0,0,0,
cell_46_26,0,0,0,0,0,0,0,0,
cell_46_27,0,0,0,0,0,0,0,0,
cell_46_28,0,0,0,0,0,0,0,0,
cell_46_29,0,0,0,0,0,0,0,0,
cell_46_30,0,0,0,0,0,0,0,0,
cell_46_31,0,0,0,0,0,0,0,0,
cell_46_32,0,0,0,0,0,0,0,0,
cell_46_33,0,0,0,0,0,0,0,0,
cell_46_34,0,0,0,0,0,0,0,0,
cell_47_3,0,0,0,0,0,0,0,0,
cell_47_4,0,0,0,0,0,0,0,0,
cell_47_5,0,0,0,0,0,0,0,0,
cell_47_6,0,0,0,0,0,0,0,0,
cell_47_7,0,0,0,0,1,1,0,0,
cell_47_8,0,0,0,0,0,0,0,0,
cell_47_9,0,0,0,0,0,0,0,0,
cell_47_10,0,0,0,0,0,0,0,0,
cell_47_11,0,0,0,0,0,0,0,0,
cell_47_12,0,0,0,0,0,0,0,0,
cell_47_13,1,1,0,0,0,0,0,0,"cell_47_14,cell_46_13,cell_48_13,cell_46_14,cell_48_14"
cell_47_14,0,0,0,0,0,0,1,1,"cell_47_13,cell_46_14,cell_48_14,cell_48_15,cell_46_13,cell_48_13"
cell_47_15,0,0,0,0,0,0,0,0,
cell_47_16,0,0,0,0,0,0,0,0,
cell_47_17,0,0,0,0,0,0,0,0,
cell_47_18,0,0,0,0,0,0,0,0,
cell_47_19,0,0,0,0,0,0,0,0,
cell_47_20,0,0,0,0,0,0,0,0,
cell_47_21,0,0,0,0,0,0,0,0,
cell_47_22,0,0,0,0,0,0,0,0,
cell_47_23,0,0,0,0,0,0,0,0,
cell_47_24,0,0,0,0,0,0,0,0,
cell_47_25,0,0,0,0,0,0,0,0,
cell_47_26,0,0,0,0,0,0,0,0,
cell_47_27,0,0,0,0,0,0,0,0,
cell_47_28,0,0,0,0,0,0,0,0,
cell_47_29,0,0,0,0,0,0,0,0,
cell_47_30,0,0,0,0,0,0,0,0,
cell_47_31,0,0,0,0,0,0,0,0,
cell_47_32,0,0,0,0,0,0,0,0,
cell_48_3,0,0,0,0,0,0,0,0,
cell_48_4,0,0,0,0,0,0,0,0,
cell_48_5,0,0,0,0,0,0,0,0,
cell_48_6,0,0,0,0,0,0,0,0,
cell_48_7,0,0,0,0,0,0,0,0,
cell_48_8,0,0,0,0,0,0,0,0,
cell_48_9,0,0,0,0,0,0,0,0,
cell_48_10,0,0,0,0,0,0,0,0,
cell_48_11,0,0,0,0,0,0,0,0,
cell_48_12,0,0,0,0,0,0,0,0,
cell_48_13,1,1,0,0,0,0,0,0,"cell_48_14,cell_47_13,cell_47_14"
cell_48_14,0,0,0,0,0,0,1,1,"cell_48_15,cell_48_13,cell_47_14,cell_47_13"
cell_48_15,0,0,0,0,1,1,0,0,"cell_48_14,cell_47_14"
cell_48_16,0,0,0,0,0,0,0,0,
cell_48_17,0,0,0,0,0,0,0,0,
cell_48_18,0,0,0,0,0,0,0,0,
cell_48_19,0,0,0,0,0,0,0,0,
cell_48_20,0,0,0,0,0,0,0,0,
cell_48_21,0,0,0,0,0,0,0,0,
cell_48_22,0,0,0,0,0,0,0,0,
cell_48_23,0,0,0,0,0,0,0,0,
cell_48_24,0,0,0,0,0,0,0,0,
cell_48_25,0,0,0,0,0,0,0,0,
cell_48_26,0,0,0,0,0,0,0,0,
cell_48_27,0,0,0,0,0,0,0,0,
cell_48_28,0,0,1,1,0,0,0,0,
cell_48_29,0,0,0,0,0,0,0,0,
cell_48_30,0,0,0,0,0,0,0,0,
cell_48_31,0,0,0,0,0,0,0,0,
cell_48_32,0,0,0,0,0,0,0,0,
cell_49_3,0,0,0,0,0,0,0,0,
cell_49_4,0,0,0,0,0,0,0,0,
cell_49_5,0,0,0,0,0,0,0,0,
cell_49_6,0,0,0,0,0,0,0,0,
cell_49_7,0,0,0,0,0,0,0,0,
cell_49_8,0,0,0,0,0,0,0,0,
cell_49_9,0,0,0,0,0,0,0,0,
cell_49_10,0,0,0,0,0,0,0,0,
cell_49_11,0,0,0,0,0,0,0,0,
cell_49_12,0,0,0,0,0,0,0,0,
cell_49_13,0,0,0,0,0,0,0,0,
cell_49_14,0,0,0,0,0,0,0,0,
cell_49_15,0,0,0,0,0,0,0,0,
cell_49_16,1,1,0,0,0,0,0,0,
cell_49_17,0,0,0,0,0,0,0,0,
cell_49_18,0,0,0,0,0,0,0,0,
cell_49_19,0,0,0,0,0,0,0,0,
cell_49_20,0,0,0,0,0,0,0,0,
cell_49_21,0,0,0,0,0,0,0,0,
cell_49_22,0,0,0,0,0,0,0,0,
cell_49_23,0,0,0,0,0,0,0,0,
cell_49_24,0,0,0,0,0,0,0,0,
cell_49_25,0,0,0,0,0,0,0,0,
cell_49_26,0,0,0,0,0,0,1,0,cell_50_25
cell_49_27,0,0,0,0,0,0,0,0,
cell_49_28,0,0,0,0,0,0,0,0,
cell_49_29,0,0,0,0,0,0,0,0,
cell_50_2,0,0,0,0,0,0,0,0,
cell_50_3,1,0,0,0,0,0,0,0,"cell_50_4,cell_51_3,cell_51_4"
cell_50_4,1,1,0,0,0,0,0,0,"cell_50_3,cell_51_4,cell_51_3"
cell_50_5,0,0,0,0,0,0,0,0,
cell_50_6,0,0,0,0,0,0,0,0,
cell_50_7,0,0,0,0,0,0,0,0,
cell_50_8,0,0,0,0,0,0,0,0,
cell_50_9,0,0,1,1,0,0,0,0,"cell_51_9,cell_51_8"
cell_50_10,0,0,0,0,0,0,0,0,
cell_50_11,1,0,0,0,1,0,1,0,
cell_50_12,0,0,0,0,0,0,0,0,
cell_50_13,0,0,0,0,0,0,0,0,
cell_50_14,0,0,0,0,0,0,0,0,
cell_50_15,0,0,0,0,0,0,0,0,
cell_50_16,0,0,0,0,0,0,0,0,
cell_50_17,0,0,1,1,0,0,0,0,"cell_51_17,cell_51_18,cell_51_16"
cell_50_18,0,0,0,0,0,0,0,0,
cell_50_19,0,0,0,0,0,0,0,0,
cell_50_20,0,0,0,0,0,0,0,0,
cell_50_21,0,0,0,0,0,0,0,0,
cell_50_22,0,0,0,0,0,0,0,0,
cell_50_23,0,0,0,0,0,0,0,0,
cell_50_24,0,0,0,0,0,0,0,0,
cell_50_25,1,0,1,0,1,0,1,0,cell_49_26
cell_50_26,0,0,0,0,0,0,0,0,
cell_50_27,0,0,0,0,0,0,0,0,
cell_50_28,0,0,0,0,0,0,0,0,
cell_50_29,0,0,0,0,0,0,0,0,
cell_51_1,0,0,0,0,0,0,0,0,
cell_51_2,0,0,0,0,0,0,0,0,
cell_51_3,0,0,1,1,0,0,0,0,"cell_51_4,cell_50_3,cell_52_3,cell_50_4,cell_52_4"
cell_51_4,0,0,0,0,0,0,1,0,"cell_51_3,cell_50_4,cell_52_4,cell_50_3,cell_52_3"
cell_51_5,0,0,0,0,0,0,0,0,
cell_51_6,0,0,0,0,0,0,0,0,
cell_51_7,0,0,0,0,0,0,0,0,
cell_51_8,0,0,1,1,0,0,0,0,"cell_51_9,cell_50_9,cell_52_9"
cell_51_9,1,0,0,0,1,0,0,0,"cell_51_8,cell_50_9,cell_52_9"
cell_51_10,0,0,0,0,0,0,0,0,
cell_51_11,0,0,0,0,0,0,0,0,
cell_51_12,0,0,0,0,0,0,0,0,
cell_51_13,0,0,0,0,0,0,0,0,
cell_51_14,0,0,0,0,0,0,0,0,
cell_51_15,0,0,0,0,0,0,0,0,
cell_51_16,0,0,0,0,1,0,0,0,"cell_51_17,cell_52_16,cell_50_17,cell_52_17,cell_52_15"
cell_51_17,0,0,0,0,1,1,0,0,"cell_51_18,cell_51_16,cell_50_17,cell_52_17,cell_52_18,cell_52_16"
cell_51_18,0,0,0,0,0,0,1,1,"cell_51_17,cell_52_19,cell_50_17,cell_52_17"
cell_51_19,0,0,0,0,0,0,0,0,
cell_51_20,0,0,0,0,0,0,0,0,
cell_51_21,0,0,0,0,0,0,0,0,
cell_51_22,0,0,0,0,0,0,0,0,
cell_51_23,0,0,0,0,0,0,0,0,
cell_51_24,0,0,0,0,0,0,0,0,
cell_51_25,0,0,0,0,0,0,0,0,
cell_51_26,0,0,0,0,0,0,0,0,
cell_51_27,0,0,0,0,0,0,0,0,
cell_51_28,0,0,0,0,0,0,0,0,
cell_51_29,0,0,0,0,0,0,0,0,
cell_52_1,0,0,0,0,0,0,0,0,
cell_52_2,0,0,0,0,0,0,0,0,
cell_52_3,0,0,0,0,1,1,0,0,"cell_52_4,cell_51_3,cell_51_4"
cell_52_4,0,0,0,0,1,1,0,0,"cell_52_3,cell_51_4,cell_51_3"
cell_52_5,0,0,0,0,0,0,0,0,
cell_52_6,0,0,0,0,0,0,0,0,
cell_52_7,0,0,0,0,0,0,0,0,
cell_52_8,0,0,0,0,0,0,0,0,
cell_52_9,1,0,0,0,0,0,0,0,"cell_51_9,cell_51_8"
cell_52_10,0,0,0,0,0,0,0,0,
cell_52_11,0,0,0,0,0,0,0,0,
cell_52_12,0,0,0,0,0,0,0,0,
cell_52_13,0,0,0,0,0,0,0,0,
cell_52_14,0,0,0,0,0,0,0,0,
cell_52_15,0,0,1,0,0,0,0,0,cell_51_16
cell_52_16,0,0,0,0,0,0,1,1,"cell_52_17,cell_51_16,cell_51_17,cell_53_17"
cell_52_17,1,1,0,0,0,0,0,0,"cell_52_18,cell_52_16,cell_51_17,cell_53_17,cell_51_18,cell_51_16"
cell_52_18,0,0,0,0,0,0,1,1,"cell_52_19,cell_52_17,cell_51_17,cell_53_17"
cell_52_19,1,1,0,0,0,0,0,0,"cell_52_20,cell_52_18,cell_53_19,cell_51_18"
cell_52_20,0,0,0,0,0,0,1,0,"cell_52_19,cell_53_21,cell_53_19"
cell_52_21,0,0,0,0,0,0,0,0,
cell_52_22,0,0,0,0,0,0,0,0,
cell_52_23,0,0,0,0,0,0,0,0,
cell_52_24,0,0,0,0,0,0,0,0,
cell_52_25,0,0,0,0,0,0,0,0,
cell_52_26,0,0,0,0,0,0,0,0,
cell_52_27,0,0,0,0,0,0,0,0,
cell_52_28,0,0,0,0,0,0,0,0,
cell_52_29,0,0,0,0,0,0,0,0,
cell_53_1,0,0,0,0,0,0,0,0,
cell_53_2,0,0,0,0,0,0,0,0,
cell_53_3,0,0,0,0,0,0,0,0,
cell_53_4,0,0,0,0,0,0,0,0,
cell_53_5,0,0,0,0,0,0,0,0,
cell_53_6,0,0,0,0,0,0,0,0,
cell_53_7,0,0,0,0,0,0,0,0,
cell_53_8,0,0,0,0,0,0,0,0,
cell_53_9,0,0,0,0,0,0,0,0,
cell_53_10,0,0,0,0,0,0,0,0,
cell_53_11,0,0,0,0,0,0,0,0,
cell_53_12,0,0,0,0,0,0,0,0,
cell_53_13,0,0,0,0,0,0,0,0,
cell_53_14,0,0,0,0,0,0,0,0,
cell_53_15,0,0,0,0,0,0,0,0,
cell_53_16,0,0,0,0,0,0,0,0,
cell_53_17,0,0,0,0,0,0,1,1,"cell_52_17,cell_54_17,cell_52_18,cell_52_16,cell_54_16"
cell_53_18,0,0,0,0,0,0,0,0,
cell_53_19,0,0,0,0,1,1,0,0,"cell_52_19,cell_52_20,cell_54_20"
cell_53_20,0,0,0,0,0,0,0,0,
cell_53_21,0,0,1,1,0,0,0,0,"cell_54_22,cell_52_20,cell_54_20"
cell_53_22,0,0,0,0,0,0,0,0,
cell_53_23,0,0,0,0,0,0,0,0,
cell_53_24,0,0,0,0,0,0,0,0,
cell_53_25,0,0,0,0,0,0,0,0,
cell_53_26,0,0,0,0,0,0,0,0,
cell_53_27,0,0,0,0,0,0,0,0,
cell_53_28,0,0,0,0,0,0,0,0,
cell_53_29,0,0,0,0,0,0,0,0,
cell_54_1,0,0,0,0,0,0,0,0,
cell_54_2,0,0,0,0,0,0,0,0,
cell_54_3,0,0,0,0,0,0,0,0,
cell_54_4,1,0,0,0,0,0,0,0,
cell_54_5,0,0,0,0,0,0,0,0,
cell_54_6,0,0,0,0,0,0,0,0,
cell_54_7,0,0,0,0,0,0,0,0,
cell_54_8,0,0,0,0,0,0,0,0,
cell_54_9,0,0,0,0,0,0,0,0,
cell_54_10,0,0,0,0,0,0,0,0,
cell_54_11,0,0,0,0,0,0,0,0,
cell_54_12,0,0,0,0,0,0,0,0,
cell_54_13,0,0,0,0,0,0,0,0,
cell_54_14,0,0,0,0,0,0,0,0,
cell_54_15,0,0,0,0,0,0,0,0,
cell_54_16,0,0,1,1,0,0,0,0,"cell_54_17,cell_55_16,cell_53_17,cell_55_17"
cell_54_17,0,0,0,0,1,1,0,0,"cell_54_16,cell_53_17,cell_55_17,cell_55_16"
cell_54_18,0,0,0,0,0,0,0,0,
cell_54_19,0,0,1,1,0,0,0,0,"cell_54_20,cell_55_19"
cell_54_20,0,0,1,1,0,0,0,0,"cell_54_19,cell_53_21,cell_53_19,cell_55_19"
cell_54_21,0,0,0,0,0,0,0,0,
cell_54_22,0,0,0,0,1,0,0,0,cell_53_21
cell_54_23,0,0,0,0,0,0,0,0,
cell_54_24,0,0,0,0,0,0,0,0,
cell_54_26,0,0,0,0,0,0,0,0,
cell_54_27,0,0,0,0,0,0,0,0,
cell_54_29,0,0,0,0,0,0,0,0,
cell_55_1,0,0,0,0,0,0,0,0,
cell_55_2,0,0,0,0,0,0,0,0,
cell_55_3,0,0,0,0,0,0,0,0,
cell_55_4,0,0,0,0,0,0,0,0,
cell_55_5,0,0,0,0,0,0,0,0,
cell_55_6,0,0,0,0,0,0,0,0,
cell_55_7,0,0,0,0,0,0,0,0,
cell_55_8,0,0,0,0,0,0,0,0,
cell_55_9,0,0,0,0,0,0,0,0,
cell_55_10,0,0,0,0,0,0,0,0,
cell_55_11,0,0,0,0,0,0,0,0,
cell_55_12,0,0,0,0,0,0,0,0,
cell_55_13,0,0,0,0,0,0,0,0,
cell_55_14,0,0,0,0,0,0,0,0,
cell_55_15,0,0,0,0,0,0,0,0,
cell_55_16,0,0,0,0,1,1,0,0,"cell_55_17,cell_54_16,cell_56_16,cell_54_17,cell_56_17,cell_56_15"
cell_55_17,0,0,1,1,0,0,0,0,"cell_55_16,cell_54_17,cell_56_17,cell_56_18,cell_54_16,cell_56_16"
cell_55_18,0,0,0,0,0,0,0,0,
cell_55_19,0,0,1,1,0,0,0,0,"cell_54_19,cell_54_20,cell_56_18"
cell_55_20,0,0,0,0,0,0,0,0,
cell_55_21,0,0,0,0,0,0,0,0,
cell_55_22,0,0,0,0,0,0,0,0,
cell_55_23,0,0,0,0,0,0,0,0,
cell_55_24,0,0,0,0,0,0,0,0,
cell_56_0,0,0,0,0,0,0,0,0,
cell_56_1,0,0,0,0,0,0,0,0,
cell_56_2,0,0,0,0,0,0,0,0,
cell_56_3,0,0,0,0,1,1,0,0,cell_57_4
cell_56_4,0,0,0,0,0,0,0,0,
cell_56_5,0,0,1,1,0,0,0,0,cell_57_4
cell_56_6,0,0,0,0,0,0,0,0,
cell_56_7,0,0,0,0,0,0,0,0,
cell_56_8,0,0,0,0,0,0,0,0,
cell_56_9,0,0,0,0,0,0,0,0,
cell_56_10,0,0,0,0,0,0,0,0,
cell_56_11,0,0,0,0,0,0,0,0,
cell_56_12,0,0,0,0,0,0,0,0,
cell_56_13,0,0,0,0,0,0,0,0,
cell_56_14,0,0,0,0,0,0,0,0,
cell_56_15,1,1,0,0,0,0,0,0,"cell_56_16,cell_57_15,cell_55_16,cell_57_14"
cell_56_16,1,1,0,0,0,0,0,0,"cell_56_17,cell_56_15,cell_55_16,cell_55_17,cell_57_15"
cell_56_17,0,0,1,1,0,0,0,0,"cell_56_18,cell_56_16,cell_55_17,cell_55_16"
cell_56_18,1,1,0,0,0,0,0,0,"cell_56_17,cell_55_19,cell_55_17"
cell_56_21,0,0,0,0,0,0,0,0,
cell_56_23,0,0,0,0,0,0,0,0,
cell_56_24,0,0,0,0,0,0,0,0,
cell_57_0,0,0,0,0,0,0,0,0,
cell_57_2,0,0,0,0,0,0,0,0,
cell_57_3,0,0,0,0,0,0,0,0,
cell_57_4,0,0,0,0,1,1,0,0,"cell_56_5,cell_56_3"
cell_57_5,0,0,0,0,0,0,0,0,
cell_57_6,0,0,0,0,0,0,0,0,
cell_57_7,0,0,0,0,0,0,0,0,
cell_57_8,0,0,0,0,0,0,0,0,
cell_57_9,0,0,0,0,0,0,0,0,
cell_57_10,0,0,0,0,0,0,0,0,
cell_57_11,0,0,0,0,0,0,0,0,
cell_57_12,0,0,0,0,0,0,0,0,
cell_57_13,0,0,0,0,0,0,0,0,
cell_57_14,0,0,1,1,0,0,0,0,"cell_57_15,cell_58_14,cell_56_15,cell_58_13"
cell_57_15,1,1,0,0,0,0,0,0,"cell_57_14,cell_56_15,cell_56_16,cell_58_14"
cell_57_16,0,0,0,0,0,0,0,0,
cell_57_17,0,0,0,0,0,0,0,0,
cell_58_4,0,0,0,0,0,0,0,0,
cell_58_5,0,0,0,0,0,0,0,0,
cell_58_6,0,0,0,0,0,0,0,0,
cell_58_7,0,0,0,0,0,0,0,0,
cell_58_8,0,0,0,0,0,0,0,0,
cell_58_9,0,0,0,0,0,0,0,0,
cell_58_10,0,0,0,0,0,0,0,0,
cell_58_11,0,0,0,0,0,0,0,0,
cell_58_12,0,0,0,0,0,0,0,0,
cell_58_13,0,0,0,0,1,1,0,0,"cell_58_14,cell_57_14"
cell_58_14,0,0,1,1,0,0,0,0,"cell_58_13,cell_57_14,cell_57_15"
cell_59_7,0,0,0,0,0,0,0,0,
cell_59_8,0,0,0,0,0,0,0,0,
cell_59_9,0,0,0,0,0,0,0,0,
cell_59_10,0,0,0,0,0,0,0,0,
cell_59_11,0,0,0,0,0,0,0,0,
cell_59_12,0,0,0,0,0,0,0,0,
cell_59_13,0,0,0,0,0,0,0,0,
cell_59_14,0,0,0,0,0,0,0,0,
cell_60_10,0,0,0,0,0,0,0,0,
cell_60_11,0,0,0,0,0,0,0,0,
cell_61_11,0,0,0,0,0,0,0,0,
